section,line,item,qty,unit,sku_or_class,supplier,layout_id,unit_sgd,line_sgd,price_basis,prices_json_id,note
"A. Electronics, optics, power",D2-01,"Raspberry Pi 5, 8 GB (4 GB is enough; the 8 GB line is the priced one)",1,ea,"SC1432 (8 GB, prices.json); layout pn SC1111/SC1112",Cytron SG,pi5,279.18,279.18,"prices.json CMP-01 (2026-09-21, carried_quote, included)",CMP-01,
"A. Electronics, optics, power",D2-02,Raspberry Pi Active Cooler,1,ea,SC1148,MakerSupplies SG,cooler,15.00,15.00,"prices.json CMP-02 (2026-09-21, carried_quote, included)",CMP-02,fan lead plugs into the Pi FAN header
"A. Electronics, optics, power",D2-03,"Geekworm X1203 UPS board (pogo pins, 1S input, 5.1 V 5 A) with its M2.5 standoff kit",1,ea,X1203,Geekworm,x1203,41.85,41.85,"estimate: USD 30.0 planning figure, not a quote",,kit: 4 standoffs + 8 M2.5 screws (layout X1203_KIT; not PT body screws); bench gate G-W2
"A. Electronics, optics, power",D2-04,"microSD card, A2 class, 32-64 GB (OS only, front slot)",1,ea,A2 class,any,microsd,13.95,13.95,"estimate: USD 10.0 planning figure, not a quote",,"boot medium; out of the Pi for steps 3-4, pushed home at step 5"
"A. Electronics, optics, power",D2-05,Raspberry Pi Global Shutter Camera (IMX296) with its C-CS adapter,1,ea,SC0926,Cytron SG,gs_camera,83.21,83.21,"prices.json CMP-04 (2026-09-25, estimate, as_displayed)",CMP-04,"the 5 mm C-CS adapter ships with it (c_cs_adapter); r5: so do the tripod block and its 2 screws, removed at bench B0 and bagged (not in the body)"
"A. Electronics, optics, power",D2-06,"C-mount lens: Kowa LM6HC 6 mm f/1.8 1 in (default, 215 g)",1,ea,LM6HC,Kowa distributor,lens,,,unpriced,,LENS decision pending (user review); alternative D2-06b
"A. Electronics, optics, power",D2-06b,Alternative lens: Fujinon HF6XA-5M 6 mm (100 g); order instead of D2-06,0,ea,HF6XA-5M,Fujifilm distributor,,,,unpriced,,balance: CoM moves about 10 mm rearward (concept table)
"A. Electronics, optics, power",D2-07,"EVF-A display kit: Hicenda HMX039 0.39 in 1024x768 micro-OLED + HDMI board (option ""Display+HDMI Board+Prism"")",1,kit,Hicenda Tindie kit,Hicenda (Tindie),hmx039,194.62,194.62,"prices.json EVF-01 (2026-09-25, seen_on_page, usd_list)",EVF-01,"covers hmx039, evf_board and oled_flex"
"A. Electronics, optics, power",D2-08,EVF-A eyepiece: Display Components 0PE039-16X glass eyepiece,1,ea,0PE039-16X,Display Components (Tindie),eyepiece,110.21,110.21,"prices.json EVF-02 (2026-09-25, seen_on_page, usd_list)",EVF-02,
"A. Electronics, optics, power",D2-09,"SanDisk Extreme PRO USB 3.2 solid state flash drive, 256 GB",1,ea,SDCZ880-256G,any,usb_stick,55.80,55.80,"estimate: USD 40.0 planning figure, not a quote",,"gate G-W10 (100 MB/s sustained, warm)"
"A. Electronics, optics, power",D2-10,Adafruit 5880 I2C STEMMA QT rotary encoder (encoder pre-soldered),1,ea,Adafruit 5880,Adafruit / DigiKey,encoder,11.16,11.16,"estimate: USD 8.0 planning figure, not a quote",,bridge A0 -> 0x37
"A. Electronics, optics, power",D2-11,"18/24 selector: mini rotary switch with adjustable stop, 6.35 mm shaft, nut + washer",1,ea,Lorlin CK1049 class,any,switch_1824,8.37,8.37,"estimate: USD 6.0 planning figure, not a quote",,set the stop to 2 positions; dims are estimates (G-HDMI note)
"A. Electronics, optics, power",D2-12,"Run button: pre-wired momentary, red cap, female-socket leads",1,ea,Squid Button (non-latching) class,The Pi Hut,run_button,5.58,5.58,"estimate: USD 4.0 planning figure, not a quote",,lead about 250 mm
"A. Electronics, optics, power",D2-13,"1S2P 18650 pack: 2 high-drain cells (>= 10 A class), BMS >= 10 A, 18 AWG lead, XT30U male, pull ribbon",1,ea,1S2P custom (Molicel P28A / Samsung 35E class),pack builder,pack,41.85,41.85,"estimate: USD 30.0 planning figure, not a quote",,gate G-W1; the order states R-PACK-BMS (WIRING s4.7) in numbers; +2 joints if the XT30 is not fitted
"A. Electronics, optics, power",D2-14,XT30U connector pair (female for the pigtail; male if the pack lacks one),2,pair,Amass XT30U,any,xt30_pair,1.40,2.79,"estimate: USD 1.0 planning figure, not a quote",,1 spare pair
"A. Electronics, optics, power",D2-14F,"Inline fuse 15 A, very fast, axial PICO II, 32 V (pigtail + conductor near the XT30 female; W-10, r4)",2,ea,Littelfuse 0251015.MXL (DigiKey F2352-ND),DigiKey,,2.02,4.05,"estimate: USD 1.45 planning figure, not a quote",,"1 spare; USD 1.45 is the DigiKey listing seen 2026-10-05 (8,035 in stock), not a quote; gates G-W1, G-W5"
"A. Electronics, optics, power",D2-15,"Hand strap, 12 mm webbing with buckle",1,ea,class,any,strap,11.16,11.16,"estimate: USD 8.0 planning figure, not a quote",,through the 2 base and 2 heel slots
"A. Electronics, optics, power",D2-16,"Schottky diode 1N5817 (EVF 5 V lead, W-3; baseline feed)",2,ea,MCC 1N5817-TP,DigiKey SG,,0.44,0.87,"prices.json PRT-05 (2026-09-25, seen_on_page, excluded)",PRT-05,1 spare; deleted under option C (WIRING s4.8)
"A. Electronics, optics, power",D2-16R,"Candidate (option C, WIRING s4.8; qty 0 until the user adopts it or G-W6 fails): LDO, adjustable 500 mA, set to 4.553 V by D2-16D (R-EVF-REG band 4.459-4.638 V from datasheet limits)",0,ea,"TI TLV75801PDBVJ (SOT-23-5) or TLV75801PDRVR (WSON-6, reflow)",DigiKey,,0.46,0.00,"estimate: USD 0.33 planning figure, not a quote",,"replaces D2-16; order 2 (1 spare); r4 desk research, listing USD 0.33 seen 2026-10-05; fixed alternative Torex XC6220B45BPR-G (0 stock, long lead); NOT XC6210 and NOT a generic 5 V regulator; gate G-W13"
"A. Electronics, optics, power",D2-16D,"Candidate (option C): divider resistors for D2-16R, R1 11.5 kohm + R2 1.58 kohm, 0.1 %, 0603",0,ea,thin film 0.1 % class,any,,0.42,0.00,"estimate: USD 0.3 planning figure, not a quote",,order 4 (1 set spare); not needed with the fixed XC6220B45
"A. Electronics, optics, power",D2-16C,"Candidate (option C): MLCC CIN 2.2-4.7 uF + COUT 4.7 uF, X7R, 16 V, 0805 (TLV75801P; the XC6220 would need 10 uF + 10 uF, 1206 25 V)",0,ea,class,any,,0.14,0.00,"estimate: USD 0.1 planning figure, not a quote",,order 4 (2 spare)
"A. Electronics, optics, power",D2-16P,Candidate (option C): small SOT-89 carrier PCB with copper (est. 16 x 7.5 x 4.5 sleeved envelope inside ko_5v_up by box arithmetic; carrier not measured),0,ea,SOT-23-5 / WSON-6 carrier with copper pour (custom; no 4.5 V module found),any,,1.40,0.00,"estimate: USD 1.0 planning figure, not a quote",,"order 2 (1 spare); copper-rich (row 7: SOT-23-5 is 177 C/W on the TI board); thin-wall sleeve, no adhesive heat-shrink over the LDO"
B. Cables and leads,D2-20,"Pi 5 camera cable Standard-Mini 22-to-15 pin, 200 mm",1,ea,official 200 mm,MakerSupplies SG,fpc,5.50,5.50,"prices.json HAR-07 (2026-09-25, seen_on_page, as_displayed)",HAR-07,priced from the 300 mm SC1129 listing (same family); order 200 mm
B. Cables and leads,D2-21,"micro-HDMI D-D 200 mm (+10/-0), OD 3.0, Pi end 90 deg up, board end right-angle (-Y exit)",1,ea,EVF-SELECTION A3 class,any,hdmi,16.74,16.74,"estimate: USD 12.0 planning figure, not a quote (prices.json HAR-08 has no price)",,"gates G-HDMI (plug <= 8.5 mm), G-W7"
B. Cables and leads,D2-22,"USB-A male to 2-wire lead, 24-26 AWG, about 200 mm",1,ea,class,any,usb_5v,4.19,4.19,"estimate: USD 3.0 planning figure, not a quote",,+ D2-16 diode + D2-23 junction
B. Cables and leads,D2-23,"JST PH 2-pin wire-to-wire pigtail pair, pre-crimped 24-26 AWG",2,pair,PHR-2 class,any,,1.40,2.79,"estimate: USD 1.0 planning figure, not a quote (prices.json HAR-04 has no price)",,EVF 5 V junction (W-4); 1 spare
B. Cables and leads,D2-24,"Adafruit 4397 STEMMA QT to female sockets, 150 mm",1,ea,Adafruit 4397,Adafruit / DigiKey,qt,1.40,1.40,"estimate: USD 1.0 planning figure, not a quote",,
B. Cables and leads,D2-25,"2-way Dupont female to JST PH 2-pin lead, 200 mm (header side of the 18/24 lead)",1,ea,class,any,fps_lead,2.09,2.09,"estimate: USD 1.5 planning figure, not a quote",,concept tally 200 mm; plugged on pins 33/34 at step 4
B. Cables and leads,D2-27,"JST PH 2-pin wire-to-wire pigtail pair, 50 mm (18/24 inline junction, switch side soldered)",1,pair,PHR-2 class,any,,1.40,1.40,"estimate: USD 1.0 planning figure, not a quote (prices.json HAR-04 has no price)",,the step-8 joint of the 18/24 lead (FIXER A-F1)
B. Cables and leads,D2-26,"Silicone wire 18 AWG, red + black, 1 m each",1,set,class,any,pigtail,5.58,5.58,"estimate: USD 4.0 planning figure, not a quote (prices.json HAR-W18 has no price)",,pigtail 180 mm + spare
C. Fasteners,D2-30,"PT 3.0 x 12 thread-forming screw for plastics, pan head, PH1 (EJOT PT K30x12 WN 1411 / Delta PT 30x12 class)",11,ea,WN 1411 class,any,pt_screws,0.21,2.30,"estimate: USD 0.15 planning figure, not a quote",,"7 used (s_b1, s_b2, s_r1, s_r2, s_k1, s_k2, s_j) + 4 spare; count from layout.SCREWS (FASTENER-POLICY A)"
C. Fasteners,D2-31,"1/4-20 UNC hex nut, steel (tripod socket)",1,ea,ISO 4032 class,any,tripod_nut,0.42,0.42,"estimate: USD 0.3 planning figure, not a quote",,pressed into the base pocket
C. Fasteners,D2-32,Insert fallback: M3 x 5.7 brass heat-set insert (pack),1,pack,CNC Kitchen M3 standard,Printed Solid (US),,15.35,15.35,"prices.json INS-M3 (2026-09-25, seen_on_page, usd_list)",INS-M3,only for a stripped boss (FASTENER-POLICY E)
C. Fasteners,D2-33,"Insert fallback: M3 x 10 pan head A2, ISO 7045 cross recess PH1 (no hex: straight-driver rule)",7,ea,ISO 7045 class,any,,0.14,0.98,"estimate: USD 0.1 planning figure, not a quote",,with D2-32 only; 1 per PT boss
C. Fasteners,D2-35,"M3 heat-set insert, brass, short (L 4.0, OD 4.6 class), lens-collar anchors in the tub bosses",5,ea,heat-set insert class (procure; G-COL-1),any,m3_hw,0.28,1.40,"estimate: USD 0.2 planning figure, not a quote",,"3 used (tub TL / TR / LL, set at the bench before step 3) + 2 spare"
C. Fasteners,D2-36,"M3 heat-set insert, brass, L 5.7 (OD 4.6 class), lens-collar pinch lug",1,ea,CNC Kitchen M3 standard class,any,,0.28,0.28,"estimate: USD 0.2 planning figure, not a quote",,"1 used (s_c4, pressed into the lower lug from below); spare: the D2-32 pack"
C. Fasteners,D2-37,"M3 x 10 pan head A2, ISO 7045 cross recess PH1 (lens-collar anchors)",4,ea,ISO 7045 class,any,,0.14,0.56,"estimate: USD 0.1 planning figure, not a quote",,"3 used (s_c1..s_c3, 0.15 N m provisional cap) + 1 spare; separate from the D2-33 fallback screws"
C. Fasteners,D2-38,"M3 x 16 pan head A2, ISO 7045 cross recess PH1 (lens-collar pinch)",2,ea,ISO 7045 class,any,,0.14,0.28,"estimate: USD 0.1 planning figure, not a quote",,"1 used (s_c4, 0.2 N m, the last operation on the lens) + 1 spare"
C. Fasteners,D2-39,"M3 washer, ISO 7089 A2 (3.2 x 7.0 x 0.5)",6,ea,ISO 7089 class,any,,0.07,0.42,"estimate: USD 0.05 planning figure, not a quote",,"4 used (one under each lens-collar screw: s_c1, s_c2, s_c3, s_c4) + 2 spare"
C. Fasteners,D2-34,"Contingency: M2.5 x 5 pan head A2, ISO 7045 cross recess PH1",0,ea,ISO 7045 class,any,,0.14,0.00,"estimate: USD 0.1 planning figure, not a quote",,"order 8 only if the X1203 kit screws are hex-socket (FASTENER-POLICY F, G-W2)"
E. Consumables,D2-40,"ASA filament 1.75 mm, 1 kg, satin silver (tub, panel, sleeve)",1,spool,Polymaker ASA class,MakerSupplies SG,,35.90,35.90,"prices.json CON-01 (2026-09-21, carried_quote, included)",CON-01,price of the black spool line
E. Consumables,D2-41,"ASA filament 1.75 mm, 1 kg, black (hood, base + grip, cap, knobs, pi_keeper, plunger)",1,spool,Polymaker ASA class,MakerSupplies SG,,35.90,35.90,"prices.json CON-01 (2026-09-21, carried_quote, included)",CON-01,
E. Consumables,D2-43,"TPU 95A filament, black (eyecup)",1,spool,class,any,,34.88,34.88,"estimate: USD 25.0 planning figure, not a quote (prices.json CON-02 has no price)",,about 5 g needed
E. Consumables,D2-44,"Paint pen / enamel for the engraving fill: black (silver panel, concept tally) + white (plunger symbol)",2,ea,class,any,,5.58,11.16,"estimate: USD 4.0 planning figure, not a quote (prices.json CON-10 has no price)",,confirm the panel fill colour with the concept
E. Consumables,D2-45,Closed-cell foam sheet 1.0 mm (OLED pad 16 x 14),1,sheet,class,any,foam_pad,4.19,4.19,"estimate: USD 3.0 planning figure, not a quote (prices.json CON-20 has no price)",,
E. Consumables,D2-46,"Adhesive-lined heat-shrink 3:1 (pigtail, diode splice, r4 fuse splice: about 4.8 mm, 30 mm per fuse) + thin-wall 2:1 (switch lugs)",1,set,class,any,,5.58,5.58,"estimate: USD 4.0 planning figure, not a quote (prices.json HAR-HSA has no price)",,
E. Consumables,D2-47,"Solder, flux, wick",1,set,class,any,,8.37,8.37,"estimate: USD 6.0 planning figure, not a quote (prices.json CON-15 has no price)",,
E. Consumables,D2-48,Pull ribbon 10 mm (if the pack has none) + Kapton tape,1,set,class,any,,2.79,2.79,"estimate: USD 2.0 planning figure, not a quote (prices.json CON-16 has no price)",,
E. Consumables,D2-49,Isopropyl alcohol + glue stick (bed release),1,set,class,any,,5.58,5.58,"estimate: USD 4.0 planning figure, not a quote (prices.json CON-11 has no price)",,
E. Consumables,D2-50,"Small cable ties 2.5 mm (pigtail strain relief at a standoff, lead bundles)",1,pack,class,any,,2.79,2.79,"estimate: USD 2.0 planning figure, not a quote",,step 1
F. Tools and accessories (not in the camera),D2-60,"PH1 screwdriver, straight, shank dia <= 6.5, blade >= 40 mm (hand)",1,ea,TLS-14 class,any,,8.37,8.37,"estimate: USD 6.0 planning figure, not a quote (prices.json TLS-14 has no price)",,straight-driver rule
F. Tools and accessories (not in the camera),D2-61,1/2 in (12.7 mm) socket or spanner for the switch nut,1,ea,class,any,,6.98,6.98,"estimate: USD 5.0 planning figure, not a quote",,ASSEMBLY s1.1 tool 6; OPTIONS (a) removes it
F. Tools and accessories (not in the camera),D2-62,"Fine tweezers (OLED, flex, microSD)",1,ea,class,any,,5.58,5.58,"estimate: USD 4.0 planning figure, not a quote",,
F. Tools and accessories (not in the camera),D2-63,Temperature-controlled soldering iron,1,ea,class,any,,,,unpriced (prices.json TLS-07 has no price),,12 joints at the bench (WIRING s7); +2 if the pack lacks an XT30; +15 under option C
F. Tools and accessories (not in the camera),D2-64,Digital multimeter + thermocouple,1,ea,class,any,,,,unpriced (prices.json TLS-05 has no price),,gates G-W1 to G-W13
F. Tools and accessories (not in the camera),D2-65,"Adjustable bench DC supply with current limit (>= 10 A for G-W5 and G-W12, else 3 A)",1,ea,class,any,,,,unpriced (prices.json TLS-03 has no price),,
F. Tools and accessories (not in the camera),D2-66,Official Raspberry Pi 27 W USB-C PSU (bring-up),1,ea,SC1149,MakerSupplies SG,,28.00,28.00,"prices.json TLS-01 (2026-09-21, carried_quote, included)",TLS-01,gate G-W3
F. Tools and accessories (not in the camera),D2-67,1S Li-ion balance charger (SkyRC B6neo class) + XT60-to-XT30 lead + USB-C PD supply,1,set,SkyRC B6neo,Makerfire (US),,53.00,53.00,"prices.json CHG-01 (2026-09-25, estimate, usd_list)",CHG-01,out-of-body charging (W-7); adapter and PD supply unpriced (CHG-02/03)
F. Tools and accessories (not in the camera),D2-68,"Wire stripper / flush cutter, heat gun",1,set,class,any,,,,unpriced (prices.json TLS-12 has no price),,
F. Tools and accessories (not in the camera),D2-69,Junior hacksaw + small flat file (cut the 18/24 switch shaft to y 42.0),1,set,class,any,,8.37,8.37,"estimate: USD 6.0 planning figure, not a quote",,step 2; ASSEMBLY s1.1 tool 7; OPTIONS (a) removes it
F. Tools and accessories (not in the camera),D2-70,ESD mat + wrist strap,1,set,class,any,,16.74,16.74,"estimate: USD 12.0 planning figure, not a quote",,"steps 1, 4, 6, 7"
F. Tools and accessories (not in the camera),D2-71,"2 x dia 1.5 steel pins, ISO 8734 1.5 x 16 dowel class (hood release hold-open; r2 fixer: replaces the 3 mm release blade)",2,ea,class,any,,0.70,1.40,"estimate: USD 0.5 planning figure, not a quote",,ASSEMBLY s1.1 tool 9; s7 item 9 (or the shanks of 2 x 1.5 mm drills)
F. Tools and accessories (not in the camera),D2-72,"Digital calipers, 0.01 mm",1,ea,class,any,,20.93,20.93,"estimate: USD 15.0 planning figure, not a quote",,MEASURED-PARTS records (r2)
F. Tools and accessories (not in the camera),D2-73,Oscilloscope >= 20 MHz + inline USB-C power meter (logging),1,set,class,any,,,,unpriced,,"gate G-W12 (workload power, WIRING s9); unpriced"
F. Tools and accessories (not in the camera),D2-74,"M3 heat-set tip for the iron + insert fallback set (pin vise or hand drill, 3.2 + 4.0 mm drills)",1,set,class,any,,16.74,16.74,"estimate: USD 12.0 planning figure, not a quote",,"r5: the tip is needed in every build (the 4 lens-collar inserts, ASSEMBLY B1, FASTENER-POLICY I); the drills only for a stripped boss (FASTENER-POLICY E)"
F. Tools and accessories (not in the camera),D2-75,"DC electronic load >= 10 A / 30 W, constant-current mode (r3 fix-baseline)",1,ea,class,any,,,,unpriced,,gates G-W5 (b) (8.6 A on the pigtail end) and G-W13 (option C); unpriced
F. Tools and accessories (not in the camera),D2-76,"G-W13 (c) bench stand-ins: 100 uF electrolytic + power resistor for a 0.30 A load at 4.5 V (about 15 ohm, >= 3 W) (r3 fix-baseline)",1,set,class,any,,,,unpriced,,only with EVF-feed option C; bench consumables; unpriced
D. Printed parts,P-01,tub,1,part,"ASA, satin silver",printed,tub,,,material in section E,,mass at 100 % 113.7 g; as printed 96.6 g; filament 101.4 g; manifest (out/print-manifest.json); face down -Y
D. Printed parts,P-02,hood,1,part,"ASA, black",printed,hood,,,material in section E,,mass at 100 % 60.9 g; as printed 51.7 g; filament 54.3 g; manifest (out/print-manifest.json); face down +Z
D. Printed parts,P-03,panel,1,part,"ASA, satin silver",printed,panel,,,material in section E,,mass at 100 % 54.8 g; as printed 46.5 g; filament 48.9 g; manifest (out/print-manifest.json); face down +Y
D. Printed parts,P-04,base_grip,1,part,"ASA, black",printed,base_grip,,,material in section E,,mass at 100 % 97.4 g; as printed 58.4 g; filament 61.4 g; manifest (out/print-manifest.json); face down +Z
D. Printed parts,P-05,cap,1,part,"ASA, black",printed,cap,,,material in section E,,mass at 100 % 7.2 g; as printed 7.2 g; filament 7.6 g; manifest (out/print-manifest.json); face down -Z
D. Printed parts,P-06,plunger,1,part,"ASA, black",printed,plunger,,,material in section E,,mass at 100 % 0.3 g; as printed 0.3 g; filament 0.3 g; manifest (out/print-manifest.json); face down +X
D. Printed parts,P-07,knob_exp,1,part,"ASA, black",printed,knob_exp,,,material in section E,,mass at 100 % 5.1 g; as printed 5.1 g; filament 5.4 g; manifest (out/print-manifest.json); face down +Y
D. Printed parts,P-08,knob_fps,1,part,"ASA, black",printed,knob_fps,,,material in section E,,mass at 100 % 1.3 g; as printed 1.3 g; filament 1.4 g; manifest (out/print-manifest.json); face down +Y
D. Printed parts,P-09,eyecup,1,part,"TPU 95A, black",printed,eyecup,,,material in section E,,mass at 100 % 5.3 g; as printed 5.3 g; filament 5.6 g; manifest (out/print-manifest.json); face down +X
D. Printed parts,P-10,stick_sleeve,1,part,"ASA, satin silver",printed,stick_sleeve,,,material in section E,,mass at 100 % 1.2 g; as printed 1.2 g; filament 1.2 g; manifest (out/print-manifest.json); face down -X
D. Printed parts,P-11,pi_keeper,1,part,"ASA, black",printed,pi_keeper,,,material in section E,,mass at 100 % 6.6 g; as printed 6.6 g; filament 7.0 g; manifest (out/print-manifest.json); face down +Z
D. Printed parts,P-12,lens_collar,1,part,"ASA (PC if G-W11 shows > 50 C at the camera), black",printed,lens_collar,,,material in section E,,mass at 100 % 16.8 g; as printed 16.8 g; filament 17.7 g; manifest (out/print-manifest.json); face down +X
