id,bom_lines,item,listing,used_sgd,new_ref_sgd,new_ref_basis,new_landed_sgd,trip_sgd,fee_sgd,risk_allowance_sgd,used_landed_sgd,gross_saving_sgd,net_saving_sgd,hours,net_per_hour_sgd,recommend,note
H1,D2-01 + D2-66,Raspberry Pi 5 8 GB kit with a Cytron 27 W 5.1 V 5 A PSU (+ micro-HDMI cable; its 3rd-party heatsink is not used),https://www.carousell.sg/p/1465023314/,220.00,307.18,BOM D2-01 + D2-66,307.18,4.00,6.60,11.00,241.60,87.18,65.58,1.5,43.72,yes,"the seller says it was tested on 30 Sep 2026; check that it boots, shows 8 GB and gives no 5 A-supply warning"
H2,D2-02,"Raspberry Pi Active Cooler, unopened",https://www.carousell.sg/p/1447325605/,10.00,15.00,BOM D2-02,15.00,4.00,0.30,0.50,14.80,5.00,0.20,1.5,0.13,no,only if collected on the same trip as another pick; confirm that it is the official SC1148
H3,D2-67,SkyRC B6neo charger (new stock from a shop; offer price S$45),https://www.carousell.sg/p/1331349488/,45.00,53.00,BOM D2-67,53.00,4.00,1.35,0.90,51.25,8.00,1.75,1.5,1.17,no,"the exact model, but the net saving is about nil after the trip"
H4,D2-64,"Fluke 17B+ multimeter (well used, tested) + a generic K-type probe if missing (S$15)",https://www.carousell.sg/p/1465242951/,190.00,279.00,est. new 17B+ (agents),284.00,4.00,5.70,9.50,209.20,89.00,74.80,1.5,49.87,yes,ask whether the 80BK-A probe is included
H5,D2-73 (scope),"Siglent SDS1202X-E 200 MHz 2-channel oscilloscope, probes included",https://www.carousell.sg/p/1464903923/,350.00,529.00,est. new (agents),539.00,4.00,10.50,28.00,392.50,179.00,146.50,1.5,97.67,yes,run the self-calibration and check for a clean probe-comp square wave on both channels
H6,D2-63,YIHUA 928D soldering iron with 5 spare tips,https://www.carousell.sg/p/1465859700/,25.00,56.00,est. new (agents),61.00,4.00,0.75,2.50,32.25,31.00,28.75,1.5,19.17,yes,premium alternative: the Hakko FX-951 at S$200 against about S$393 new (listing 1441107252)
H7,D2-68 (heat gun),Black & Decker HG 991 heat gun,https://www.carousell.sg/p/1465184811/,19.00,30.00,est. new,35.00,4.00,0.57,1.90,25.47,11.00,9.53,1.5,6.35,marginal,saves little after the trip; worth it only alongside another pick
H8,D2-65,Tenma 72-2925 0-30 V 0-10 A linear bench supply,https://www.carousell.sg/p/1406062545/,250.00,110.00,est. new 30 V 10 A switch-mode supply (agents),115.00,4.00,7.50,20.00,281.50,-140.00,-166.50,1.5,-111.00,no,dearer than a new switch-mode 10 A supply; only worth it if you want a linear supply (about S$300+ new)
H9,printer (not in the BOM),"Bambu Lab P1S, like new, no AMS",https://www.carousell.sg/p/1452157022/,520.00,682.00,est. new (agents),682.00,4.00,15.60,41.60,581.20,162.00,100.80,1.5,67.20,optional,only if you have no enclosed printer; check the print hours and have the seller unbind it from their account
H10,test lens (not in the BOM),Official Raspberry Pi 6 mm CS lens (bring-up only; not a D2 lens option),https://www.carousell.sg/p/1367268824/,25.00,37.38,est. new (agents),37.38,4.00,0.75,1.25,31.00,12.38,6.38,1.5,4.25,optional,"CS mount, about 53 g"
